["0x863346dd01862b1e8cabad132b4c95f64f42581bf7e129c992312ce8ccd97927","0xf38324eb70ebe48859a34b3b9d6980fa339644a4feba80ad1f576bb300ed3615","0x7c0e2b9c07cfd2b774e821b15d2d4cedbca0697ecb642d68b0d52e393548bea0","0x4f6fcd0608b896c6280bd21dad240e309d7f23db6bba4aaeb2b77befeb5be964","0xdb8e4e6dab932941915ddbc59e08813e1e8eb31bf18dd4a93de5ee66937ea112","0x37dad758bb8c740591c319cd14967078cf47a9f3f99437211c89ce0420016901","0x83b7e88a343f9fa6373313baf5997038c34fa63e056eea06c9d4d9f2a3816236","0xa7060455a3f1e5816d670caec31a908587ce6d4bdad44b209100b5d56d316471","0xd5fa2c7feed23038effb80a9df0c414a83171db612d54f27ed0808c3569dc694","0x4dbc433302be54ab1dd089b7d471d1329dd6ccbd38173360bc39d551f1d4818b","0x277a1999922a658af364c55ffd13752ab967b273724279af7d73991d0847ba59"]
["0xef2ab24b3b8bcfb89e1ef9e88018205b649c8ed45bba82d9546ced9fd4049d48","0xf38324eb70ebe48859a34b3b9d6980fa339644a4feba80ad1f576bb300ed3615","0x7c0e2b9c07cfd2b774e821b15d2d4cedbca0697ecb642d68b0d52e393548bea0","0x4f6fcd0608b896c6280bd21dad240e309d7f23db6bba4aaeb2b77befeb5be964","0xdb8e4e6dab932941915ddbc59e08813e1e8eb31bf18dd4a93de5ee66937ea112","0x37dad758bb8c740591c319cd14967078cf47a9f3f99437211c89ce0420016901","0x83b7e88a343f9fa6373313baf5997038c34fa63e056eea06c9d4d9f2a3816236","0xa7060455a3f1e5816d670caec31a908587ce6d4bdad44b209100b5d56d316471","0xd5fa2c7feed23038effb80a9df0c414a83171db612d54f27ed0808c3569dc694","0x4dbc433302be54ab1dd089b7d471d1329dd6ccbd38173360bc39d551f1d4818b","0x277a1999922a658af364c55ffd13752ab967b273724279af7d73991d0847ba59"]
["0xd562abb6619bf16b8f8a33e7a416bc99912d0ae675950c5e93f01f384e6ec4c0","0xce6b4b5b0dcc1dea7ce3e95dda67ca476a33dc60939324c08107e4b418408afb","0x7c0e2b9c07cfd2b774e821b15d2d4cedbca0697ecb642d68b0d52e393548bea0","0x4f6fcd0608b896c6280bd21dad240e309d7f23db6bba4aaeb2b77befeb5be964","0xdb8e4e6dab932941915ddbc59e08813e1e8eb31bf18dd4a93de5ee66937ea112","0x37dad758bb8c740591c319cd14967078cf47a9f3f99437211c89ce0420016901","0x83b7e88a343f9fa6373313baf5997038c34fa63e056eea06c9d4d9f2a3816236","0xa7060455a3f1e5816d670caec31a908587ce6d4bdad44b209100b5d56d316471","0xd5fa2c7feed23038effb80a9df0c414a83171db612d54f27ed0808c3569dc694","0x4dbc433302be54ab1dd089b7d471d1329dd6ccbd38173360bc39d551f1d4818b","0x277a1999922a658af364c55ffd13752ab967b273724279af7d73991d0847ba59"]
["0xc7bef122ee23ad1521eabd0a0191cecd9b9a8f0ef88f1cf84472a303a7fc76d2","0xce6b4b5b0dcc1dea7ce3e95dda67ca476a33dc60939324c08107e4b418408afb","0x7c0e2b9c07cfd2b774e821b15d2d4cedbca0697ecb642d68b0d52e393548bea0","0x4f6fcd0608b896c6280bd21dad240e309d7f23db6bba4aaeb2b77befeb5be964","0xdb8e4e6dab932941915ddbc59e08813e1e8eb31bf18dd4a93de5ee66937ea112","0x37dad758bb8c740591c319cd14967078cf47a9f3f99437211c89ce0420016901","0x83b7e88a343f9fa6373313baf5997038c34fa63e056eea06c9d4d9f2a3816236","0xa7060455a3f1e5816d670caec31a908587ce6d4bdad44b209100b5d56d316471","0xd5fa2c7feed23038effb80a9df0c414a83171db612d54f27ed0808c3569dc694","0x4dbc433302be54ab1dd089b7d471d1329dd6ccbd38173360bc39d551f1d4818b","0x277a1999922a658af364c55ffd13752ab967b273724279af7d73991d0847ba59"]
["0x1572b3de717061ed3c5d3a9c74da43678f31fcec5ad16f88af742e4f01aea487","0x3a4c0b52afc05c62e058f1fba9c1c8ae6fd5804344717c790ee54f654d9705d0","0x9f3950400098d3c863963718f05300cce624c1de4ace38c52fe04ec64feeb679","0x4f6fcd0608b896c6280bd21dad240e309d7f23db6bba4aaeb2b77befeb5be964","0xdb8e4e6dab932941915ddbc59e08813e1e8eb31bf18dd4a93de5ee66937ea112","0x37dad758bb8c740591c319cd14967078cf47a9f3f99437211c89ce0420016901","0x83b7e88a343f9fa6373313baf5997038c34fa63e056eea06c9d4d9f2a3816236","0xa7060455a3f1e5816d670caec31a908587ce6d4bdad44b209100b5d56d316471","0xd5fa2c7feed23038effb80a9df0c414a83171db612d54f27ed0808c3569dc694","0x4dbc433302be54ab1dd089b7d471d1329dd6ccbd38173360bc39d551f1d4818b","0x277a1999922a658af364c55ffd13752ab967b273724279af7d73991d0847ba59"]
["0x4bc43d631a945bb6ea84ba4f75fc0126051bd10f9c1e2b3561faccaec7a4ccc5","0x3a4c0b52afc05c62e058f1fba9c1c8ae6fd5804344717c790ee54f654d9705d0","0x9f3950400098d3c863963718f05300cce624c1de4ace38c52fe04ec64feeb679","0x4f6fcd0608b896c6280bd21dad240e309d7f23db6bba4aaeb2b77befeb5be964","0xdb8e4e6dab932941915ddbc59e08813e1e8eb31bf18dd4a93de5ee66937ea112","0x37dad758bb8c740591c319cd14967078cf47a9f3f99437211c89ce0420016901","0x83b7e88a343f9fa6373313baf5997038c34fa63e056eea06c9d4d9f2a3816236","0xa7060455a3f1e5816d670caec31a908587ce6d4bdad44b209100b5d56d316471","0xd5fa2c7feed23038effb80a9df0c414a83171db612d54f27ed0808c3569dc694","0x4dbc433302be54ab1dd089b7d471d1329dd6ccbd38173360bc39d551f1d4818b","0x277a1999922a658af364c55ffd13752ab967b273724279af7d73991d0847ba59"]
["0xf316c3f3b6ca938fbdfd2a018c64c5478cabad65e31bd7f031c1337fccb5be39","0x13e0931dc6b950d245dc7c4f4d121098de70d1efe703921e80cbab3c574b9559","0x9f3950400098d3c863963718f05300cce624c1de4ace38c52fe04ec64feeb679","0x4f6fcd0608b896c6280bd21dad240e309d7f23db6bba4aaeb2b77befeb5be964","0xdb8e4e6dab932941915ddbc59e08813e1e8eb31bf18dd4a93de5ee66937ea112","0x37dad758bb8c740591c319cd14967078cf47a9f3f99437211c89ce0420016901","0x83b7e88a343f9fa6373313baf5997038c34fa63e056eea06c9d4d9f2a3816236","0xa7060455a3f1e5816d670caec31a908587ce6d4bdad44b209100b5d56d316471","0xd5fa2c7feed23038effb80a9df0c414a83171db612d54f27ed0808c3569dc694","0x4dbc433302be54ab1dd089b7d471d1329dd6ccbd38173360bc39d551f1d4818b","0x277a1999922a658af364c55ffd13752ab967b273724279af7d73991d0847ba59"]
["0xd7783b594c21f3606a7ac716bf591accef55fd391548eff672ad3b45e7d7a410","0x13e0931dc6b950d245dc7c4f4d121098de70d1efe703921e80cbab3c574b9559","0x9f3950400098d3c863963718f05300cce624c1de4ace38c52fe04ec64feeb679","0x4f6fcd0608b896c6280bd21dad240e309d7f23db6bba4aaeb2b77befeb5be964","0xdb8e4e6dab932941915ddbc59e08813e1e8eb31bf18dd4a93de5ee66937ea112","0x37dad758bb8c740591c319cd14967078cf47a9f3f99437211c89ce0420016901","0x83b7e88a343f9fa6373313baf5997038c34fa63e056eea06c9d4d9f2a3816236","0xa7060455a3f1e5816d670caec31a908587ce6d4bdad44b209100b5d56d316471","0xd5fa2c7feed23038effb80a9df0c414a83171db612d54f27ed0808c3569dc694","0x4dbc433302be54ab1dd089b7d471d1329dd6ccbd38173360bc39d551f1d4818b","0x277a1999922a658af364c55ffd13752ab967b273724279af7d73991d0847ba59"]
["0x3f076fce702eb918b898ac372e1b703c90dabe61bc73ea9bee3d3a9aa92cc31b","0xd6053fbbb17165c83ff340c833441b91ddbc1a2c1bc237c4a5b54e6a75e05d51","0x80b2b0a9be1e9e90ed8bfa2925509fd9134333eb05656b48e066f51b1bd92dcd","0x7c12371a05a85ceecb4a40d6d386431d69134d53ecc209d22957e4b666fb9b55","0xf78c84bc39e8a16a284b09bea9d4d232319f6fc1b2847ce36900bed09f0f513c","0x37dad758bb8c740591c319cd14967078cf47a9f3f99437211c89ce0420016901","0x83b7e88a343f9fa6373313baf5997038c34fa63e056eea06c9d4d9f2a3816236","0xa7060455a3f1e5816d670caec31a908587ce6d4bdad44b209100b5d56d316471","0xd5fa2c7feed23038effb80a9df0c414a83171db612d54f27ed0808c3569dc694","0x4dbc433302be54ab1dd089b7d471d1329dd6ccbd38173360bc39d551f1d4818b","0x277a1999922a658af364c55ffd13752ab967b273724279af7d73991d0847ba59"]
["0xf4aa483ffeec13613e932c56d12e7a5dfc6c185bc180b7ebfbe395ddbe0ffa8c","0xd6053fbbb17165c83ff340c833441b91ddbc1a2c1bc237c4a5b54e6a75e05d51","0x80b2b0a9be1e9e90ed8bfa2925509fd9134333eb05656b48e066f51b1bd92dcd","0x7c12371a05a85ceecb4a40d6d386431d69134d53ecc209d22957e4b666fb9b55","0xf78c84bc39e8a16a284b09bea9d4d232319f6fc1b2847ce36900bed09f0f513c","0x37dad758bb8c740591c319cd14967078cf47a9f3f99437211c89ce0420016901","0x83b7e88a343f9fa6373313baf5997038c34fa63e056eea06c9d4d9f2a3816236","0xa7060455a3f1e5816d670caec31a908587ce6d4bdad44b209100b5d56d316471","0xd5fa2c7feed23038effb80a9df0c414a83171db612d54f27ed0808c3569dc694","0x4dbc433302be54ab1dd089b7d471d1329dd6ccbd38173360bc39d551f1d4818b","0x277a1999922a658af364c55ffd13752ab967b273724279af7d73991d0847ba59"]
["0x7dfbef3e6ae0ea7709b525140ec0d70cdc60869a21e30d32df72dbe4b79266a7","0xdf6c65cf32794c79290fc1ef384098f0a4c4970a4ec04ee4ceb0290bbf8c89e4","0x80b2b0a9be1e9e90ed8bfa2925509fd9134333eb05656b48e066f51b1bd92dcd","0x7c12371a05a85ceecb4a40d6d386431d69134d53ecc209d22957e4b666fb9b55","0xf78c84bc39e8a16a284b09bea9d4d232319f6fc1b2847ce36900bed09f0f513c","0x37dad758bb8c740591c319cd14967078cf47a9f3f99437211c89ce0420016901","0x83b7e88a343f9fa6373313baf5997038c34fa63e056eea06c9d4d9f2a3816236","0xa7060455a3f1e5816d670caec31a908587ce6d4bdad44b209100b5d56d316471","0xd5fa2c7feed23038effb80a9df0c414a83171db612d54f27ed0808c3569dc694","0x4dbc433302be54ab1dd089b7d471d1329dd6ccbd38173360bc39d551f1d4818b","0x277a1999922a658af364c55ffd13752ab967b273724279af7d73991d0847ba59"]
["0xf283b7ea685a99773ef4cc6068eef19af7164ceb0be9b7ff22c3bb2069ca255d","0xdf6c65cf32794c79290fc1ef384098f0a4c4970a4ec04ee4ceb0290bbf8c89e4","0x80b2b0a9be1e9e90ed8bfa2925509fd9134333eb05656b48e066f51b1bd92dcd","0x7c12371a05a85ceecb4a40d6d386431d69134d53ecc209d22957e4b666fb9b55","0xf78c84bc39e8a16a284b09bea9d4d232319f6fc1b2847ce36900bed09f0f513c","0x37dad758bb8c740591c319cd14967078cf47a9f3f99437211c89ce0420016901","0x83b7e88a343f9fa6373313baf5997038c34fa63e056eea06c9d4d9f2a3816236","0xa7060455a3f1e5816d670caec31a908587ce6d4bdad44b209100b5d56d316471","0xd5fa2c7feed23038effb80a9df0c414a83171db612d54f27ed0808c3569dc694","0x4dbc433302be54ab1dd089b7d471d1329dd6ccbd38173360bc39d551f1d4818b","0x277a1999922a658af364c55ffd13752ab967b273724279af7d73991d0847ba59"]
["0x92d8bada831a9bf8c2accc5d53b11fe54190f2238c4d869ba3df67807a017fc9","0x9c6c99a9e1c9fbd16514aba34f016f036ecbcc7a85f579d431e5f06318bec827","0x45ea7b6d1f70f9a296ed29de3916d2b7e319b6a4b768c57cefc245abac4c385d","0x7c12371a05a85ceecb4a40d6d386431d69134d53ecc209d22957e4b666fb9b55","0xf78c84bc39e8a16a284b09bea9d4d232319f6fc1b2847ce36900bed09f0f513c","0x37dad758bb8c740591c319cd14967078cf47a9f3f99437211c89ce0420016901","0x83b7e88a343f9fa6373313baf5997038c34fa63e056eea06c9d4d9f2a3816236","0xa7060455a3f1e5816d670caec31a908587ce6d4bdad44b209100b5d56d316471","0xd5fa2c7feed23038effb80a9df0c414a83171db612d54f27ed0808c3569dc694","0x4dbc433302be54ab1dd089b7d471d1329dd6ccbd38173360bc39d551f1d4818b","0x277a1999922a658af364c55ffd13752ab967b273724279af7d73991d0847ba59"]
["0xbf8c87e4ea6955e48e6c328bf930e1eb0b818a141bbba4f58474f4d042de2e79","0x9c6c99a9e1c9fbd16514aba34f016f036ecbcc7a85f579d431e5f06318bec827","0x45ea7b6d1f70f9a296ed29de3916d2b7e319b6a4b768c57cefc245abac4c385d","0x7c12371a05a85ceecb4a40d6d386431d69134d53ecc209d22957e4b666fb9b55","0xf78c84bc39e8a16a284b09bea9d4d232319f6fc1b2847ce36900bed09f0f513c","0x37dad758bb8c740591c319cd14967078cf47a9f3f99437211c89ce0420016901","0x83b7e88a343f9fa6373313baf5997038c34fa63e056eea06c9d4d9f2a3816236","0xa7060455a3f1e5816d670caec31a908587ce6d4bdad44b209100b5d56d316471","0xd5fa2c7feed23038effb80a9df0c414a83171db612d54f27ed0808c3569dc694","0x4dbc433302be54ab1dd089b7d471d1329dd6ccbd38173360bc39d551f1d4818b","0x277a1999922a658af364c55ffd13752ab967b273724279af7d73991d0847ba59"]
["0xf531792bbbb7c2cbc7c787a5cabda2bf134bd314796c04621a062e285f7a229e","0x146f987716ed313d13664f9cf4a30ac4c9e99f12a1115a6dbd98b320db82e9d5","0x45ea7b6d1f70f9a296ed29de3916d2b7e319b6a4b768c57cefc245abac4c385d","0x7c12371a05a85ceecb4a40d6d386431d69134d53ecc209d22957e4b666fb9b55","0xf78c84bc39e8a16a284b09bea9d4d232319f6fc1b2847ce36900bed09f0f513c","0x37dad758bb8c740591c319cd14967078cf47a9f3f99437211c89ce0420016901","0x83b7e88a343f9fa6373313baf5997038c34fa63e056eea06c9d4d9f2a3816236","0xa7060455a3f1e5816d670caec31a908587ce6d4bdad44b209100b5d56d316471","0xd5fa2c7feed23038effb80a9df0c414a83171db612d54f27ed0808c3569dc694","0x4dbc433302be54ab1dd089b7d471d1329dd6ccbd38173360bc39d551f1d4818b","0x277a1999922a658af364c55ffd13752ab967b273724279af7d73991d0847ba59"]
["0x4134e7b654f9e357c60e28171894495f18c8b6354585b398d088d50bcddf8e72","0x146f987716ed313d13664f9cf4a30ac4c9e99f12a1115a6dbd98b320db82e9d5","0x45ea7b6d1f70f9a296ed29de3916d2b7e319b6a4b768c57cefc245abac4c385d","0x7c12371a05a85ceecb4a40d6d386431d69134d53ecc209d22957e4b666fb9b55","0xf78c84bc39e8a16a284b09bea9d4d232319f6fc1b2847ce36900bed09f0f513c","0x37dad758bb8c740591c319cd14967078cf47a9f3f99437211c89ce0420016901","0x83b7e88a343f9fa6373313baf5997038c34fa63e056eea06c9d4d9f2a3816236","0xa7060455a3f1e5816d670caec31a908587ce6d4bdad44b209100b5d56d316471","0xd5fa2c7feed23038effb80a9df0c414a83171db612d54f27ed0808c3569dc694","0x4dbc433302be54ab1dd089b7d471d1329dd6ccbd38173360bc39d551f1d4818b","0x277a1999922a658af364c55ffd13752ab967b273724279af7d73991d0847ba59"]
["0x54d06f70fed952592a369c0fb60d86f47bce6f46be665f871a77274b4666377f","0x45c69c8dd7a4cd15da3a855b02c77da2a91a280b829b02f039a02b94e2637cf0","0x77b4e3d22e26174d9a9d9608650f9230a47378620ae0a2d5b035bb5403ab9593","0xad80361551045da915ee78eb90a326f092584c767cfaec6e128e44288d1bb7b5","0xf78c84bc39e8a16a284b09bea9d4d232319f6fc1b2847ce36900bed09f0f513c","0x37dad758bb8c740591c319cd14967078cf47a9f3f99437211c89ce0420016901","0x83b7e88a343f9fa6373313baf5997038c34fa63e056eea06c9d4d9f2a3816236","0xa7060455a3f1e5816d670caec31a908587ce6d4bdad44b209100b5d56d316471","0xd5fa2c7feed23038effb80a9df0c414a83171db612d54f27ed0808c3569dc694","0x4dbc433302be54ab1dd089b7d471d1329dd6ccbd38173360bc39d551f1d4818b","0x277a1999922a658af364c55ffd13752ab967b273724279af7d73991d0847ba59"]
["0xe29dca00efecafabb650e6828f7067822893518b5eb3c17709231e859893efbc","0x45c69c8dd7a4cd15da3a855b02c77da2a91a280b829b02f039a02b94e2637cf0","0x77b4e3d22e26174d9a9d9608650f9230a47378620ae0a2d5b035bb5403ab9593","0xad80361551045da915ee78eb90a326f092584c767cfaec6e128e44288d1bb7b5","0xf78c84bc39e8a16a284b09bea9d4d232319f6fc1b2847ce36900bed09f0f513c","0x37dad758bb8c740591c319cd14967078cf47a9f3f99437211c89ce0420016901","0x83b7e88a343f9fa6373313baf5997038c34fa63e056eea06c9d4d9f2a3816236","0xa7060455a3f1e5816d670caec31a908587ce6d4bdad44b209100b5d56d316471","0xd5fa2c7feed23038effb80a9df0c414a83171db612d54f27ed0808c3569dc694","0x4dbc433302be54ab1dd089b7d471d1329dd6ccbd38173360bc39d551f1d4818b","0x277a1999922a658af364c55ffd13752ab967b273724279af7d73991d0847ba59"]
["0xaad23d9462dd1cd5d1d5dd44176978d1d7695bb8745ee237825b0bd8596fb90c","0x830645cc274db06d7b697e4f4d4accf5c98142e77d1dfe16933468243cc6c15d","0x77b4e3d22e26174d9a9d9608650f9230a47378620ae0a2d5b035bb5403ab9593","0xad80361551045da915ee78eb90a326f092584c767cfaec6e128e44288d1bb7b5","0xf78c84bc39e8a16a284b09bea9d4d232319f6fc1b2847ce36900bed09f0f513c","0x37dad758bb8c740591c319cd14967078cf47a9f3f99437211c89ce0420016901","0x83b7e88a343f9fa6373313baf5997038c34fa63e056eea06c9d4d9f2a3816236","0xa7060455a3f1e5816d670caec31a908587ce6d4bdad44b209100b5d56d316471","0xd5fa2c7feed23038effb80a9df0c414a83171db612d54f27ed0808c3569dc694","0x4dbc433302be54ab1dd089b7d471d1329dd6ccbd38173360bc39d551f1d4818b","0x277a1999922a658af364c55ffd13752ab967b273724279af7d73991d0847ba59"]
["0xd2dd7fb6ed4891a36dfbe5dfa88b8eb942f4d1c8a52a86ba4a2cf4a54bbfeb83","0x830645cc274db06d7b697e4f4d4accf5c98142e77d1dfe16933468243cc6c15d","0x77b4e3d22e26174d9a9d9608650f9230a47378620ae0a2d5b035bb5403ab9593","0xad80361551045da915ee78eb90a326f092584c767cfaec6e128e44288d1bb7b5","0xf78c84bc39e8a16a284b09bea9d4d232319f6fc1b2847ce36900bed09f0f513c","0x37dad758bb8c740591c319cd14967078cf47a9f3f99437211c89ce0420016901","0x83b7e88a343f9fa6373313baf5997038c34fa63e056eea06c9d4d9f2a3816236","0xa7060455a3f1e5816d670caec31a908587ce6d4bdad44b209100b5d56d316471","0xd5fa2c7feed23038effb80a9df0c414a83171db612d54f27ed0808c3569dc694","0x4dbc433302be54ab1dd089b7d471d1329dd6ccbd38173360bc39d551f1d4818b","0x277a1999922a658af364c55ffd13752ab967b273724279af7d73991d0847ba59"]
["0x3b5d43ef90d3c8c84d49e649be36f51297e644b9e315a4cb6dae60c6f954e656","0x554dfae2a2b5e3463e28893033c4ac7689776dc7e69cd31e0a9e7a4ee9fe4dca","0x9356a2284b9d316ac2db2729089248860b81aa1062d7a54f2a904673e4cd68e9","0xad80361551045da915ee78eb90a326f092584c767cfaec6e128e44288d1bb7b5","0xf78c84bc39e8a16a284b09bea9d4d232319f6fc1b2847ce36900bed09f0f513c","0x37dad758bb8c740591c319cd14967078cf47a9f3f99437211c89ce0420016901","0x83b7e88a343f9fa6373313baf5997038c34fa63e056eea06c9d4d9f2a3816236","0xa7060455a3f1e5816d670caec31a908587ce6d4bdad44b209100b5d56d316471","0xd5fa2c7feed23038effb80a9df0c414a83171db612d54f27ed0808c3569dc694","0x4dbc433302be54ab1dd089b7d471d1329dd6ccbd38173360bc39d551f1d4818b","0x277a1999922a658af364c55ffd13752ab967b273724279af7d73991d0847ba59"]
["0x333e582554584bc2bc7f4cfaef45bd6b59e6eaf42bf87dd41d6bebbd6ea06caf","0x554dfae2a2b5e3463e28893033c4ac7689776dc7e69cd31e0a9e7a4ee9fe4dca","0x9356a2284b9d316ac2db2729089248860b81aa1062d7a54f2a904673e4cd68e9","0xad80361551045da915ee78eb90a326f092584c767cfaec6e128e44288d1bb7b5","0xf78c84bc39e8a16a284b09bea9d4d232319f6fc1b2847ce36900bed09f0f513c","0x37dad758bb8c740591c319cd14967078cf47a9f3f99437211c89ce0420016901","0x83b7e88a343f9fa6373313baf5997038c34fa63e056eea06c9d4d9f2a3816236","0xa7060455a3f1e5816d670caec31a908587ce6d4bdad44b209100b5d56d316471","0xd5fa2c7feed23038effb80a9df0c414a83171db612d54f27ed0808c3569dc694","0x4dbc433302be54ab1dd089b7d471d1329dd6ccbd38173360bc39d551f1d4818b","0x277a1999922a658af364c55ffd13752ab967b273724279af7d73991d0847ba59"]
["0x9a9441976fea5f996a50793c352b3bb1c66e051a2d4d214593b6a76da430b8f1","0x386100a4f35ae03866c79ca6efca189a16db80df0e97e514333c9c7607955284","0x9356a2284b9d316ac2db2729089248860b81aa1062d7a54f2a904673e4cd68e9","0xad80361551045da915ee78eb90a326f092584c767cfaec6e128e44288d1bb7b5","0xf78c84bc39e8a16a284b09bea9d4d232319f6fc1b2847ce36900bed09f0f513c","0x37dad758bb8c740591c319cd14967078cf47a9f3f99437211c89ce0420016901","0x83b7e88a343f9fa6373313baf5997038c34fa63e056eea06c9d4d9f2a3816236","0xa7060455a3f1e5816d670caec31a908587ce6d4bdad44b209100b5d56d316471","0xd5fa2c7feed23038effb80a9df0c414a83171db612d54f27ed0808c3569dc694","0x4dbc433302be54ab1dd089b7d471d1329dd6ccbd38173360bc39d551f1d4818b","0x277a1999922a658af364c55ffd13752ab967b273724279af7d73991d0847ba59"]
["0xad9fb995cfed2fe121fa872bec1d222b2185d29a58ea999d0320472530098b74","0x386100a4f35ae03866c79ca6efca189a16db80df0e97e514333c9c7607955284","0x9356a2284b9d316ac2db2729089248860b81aa1062d7a54f2a904673e4cd68e9","0xad80361551045da915ee78eb90a326f092584c767cfaec6e128e44288d1bb7b5","0xf78c84bc39e8a16a284b09bea9d4d232319f6fc1b2847ce36900bed09f0f513c","0x37dad758bb8c740591c319cd14967078cf47a9f3f99437211c89ce0420016901","0x83b7e88a343f9fa6373313baf5997038c34fa63e056eea06c9d4d9f2a3816236","0xa7060455a3f1e5816d670caec31a908587ce6d4bdad44b209100b5d56d316471","0xd5fa2c7feed23038effb80a9df0c414a83171db612d54f27ed0808c3569dc694","0x4dbc433302be54ab1dd089b7d471d1329dd6ccbd38173360bc39d551f1d4818b","0x277a1999922a658af364c55ffd13752ab967b273724279af7d73991d0847ba59"]
["0xd2a19f43e46bd6624191d1df480bcc74d31ddfa50c5405858a253250b90f446a","0x006e88d425fe54d4cc35d6f319ef9df63deafab70a161a5f3575f22a6a353e12","0x682058312c818a71bdcaba23f2df0553be30ab460fb955dfcb32aaa0737ed758","0x4010c3c507e8040b36bde3e78eef79c8e11f54b0c5a1107bb51aa05f31fc2b0e","0x137f4df1d543f10b2f2caa2f5637bb90fa1e8b24e221b1c379ddd6c8210bb44f","0x6cc168a234f37cdd43a372637dfcbe224de9f4fa6eaab0b751185eb7feebb739","0x83b7e88a343f9fa6373313baf5997038c34fa63e056eea06c9d4d9f2a3816236","0xa7060455a3f1e5816d670caec31a908587ce6d4bdad44b209100b5d56d316471","0xd5fa2c7feed23038effb80a9df0c414a83171db612d54f27ed0808c3569dc694","0x4dbc433302be54ab1dd089b7d471d1329dd6ccbd38173360bc39d551f1d4818b","0x277a1999922a658af364c55ffd13752ab967b273724279af7d73991d0847ba59"]
["0x459c1a287a4cda4943e698bcb4db1f75c7934318c6422c299d5f276c1e8a178b","0x006e88d425fe54d4cc35d6f319ef9df63deafab70a161a5f3575f22a6a353e12","0x682058312c818a71bdcaba23f2df0553be30ab460fb955dfcb32aaa0737ed758","0x4010c3c507e8040b36bde3e78eef79c8e11f54b0c5a1107bb51aa05f31fc2b0e","0x137f4df1d543f10b2f2caa2f5637bb90fa1e8b24e221b1c379ddd6c8210bb44f","0x6cc168a234f37cdd43a372637dfcbe224de9f4fa6eaab0b751185eb7feebb739","0x83b7e88a343f9fa6373313baf5997038c34fa63e056eea06c9d4d9f2a3816236","0xa7060455a3f1e5816d670caec31a908587ce6d4bdad44b209100b5d56d316471","0xd5fa2c7feed23038effb80a9df0c414a83171db612d54f27ed0808c3569dc694","0x4dbc433302be54ab1dd089b7d471d1329dd6ccbd38173360bc39d551f1d4818b","0x277a1999922a658af364c55ffd13752ab967b273724279af7d73991d0847ba59"]
["0x529b52d7b856c8413d9aafa18efe7cf370742fd8d92b2aafa59ba152b05f66db","0xd50c3171e71bc8f666759827eac82dcbe833730152695d2d5341505ebbcc697e","0x682058312c818a71bdcaba23f2df0553be30ab460fb955dfcb32aaa0737ed758","0x4010c3c507e8040b36bde3e78eef79c8e11f54b0c5a1107bb51aa05f31fc2b0e","0x137f4df1d543f10b2f2caa2f5637bb90fa1e8b24e221b1c379ddd6c8210bb44f","0x6cc168a234f37cdd43a372637dfcbe224de9f4fa6eaab0b751185eb7feebb739","0x83b7e88a343f9fa6373313baf5997038c34fa63e056eea06c9d4d9f2a3816236","0xa7060455a3f1e5816d670caec31a908587ce6d4bdad44b209100b5d56d316471","0xd5fa2c7feed23038effb80a9df0c414a83171db612d54f27ed0808c3569dc694","0x4dbc433302be54ab1dd089b7d471d1329dd6ccbd38173360bc39d551f1d4818b","0x277a1999922a658af364c55ffd13752ab967b273724279af7d73991d0847ba59"]
["0x61eae3c3c30db4b5d715e44ae9cf752298868ff59044f5e5c7def9cfc2831b54","0xd50c3171e71bc8f666759827eac82dcbe833730152695d2d5341505ebbcc697e","0x682058312c818a71bdcaba23f2df0553be30ab460fb955dfcb32aaa0737ed758","0x4010c3c507e8040b36bde3e78eef79c8e11f54b0c5a1107bb51aa05f31fc2b0e","0x137f4df1d543f10b2f2caa2f5637bb90fa1e8b24e221b1c379ddd6c8210bb44f","0x6cc168a234f37cdd43a372637dfcbe224de9f4fa6eaab0b751185eb7feebb739","0x83b7e88a343f9fa6373313baf5997038c34fa63e056eea06c9d4d9f2a3816236","0xa7060455a3f1e5816d670caec31a908587ce6d4bdad44b209100b5d56d316471","0xd5fa2c7feed23038effb80a9df0c414a83171db612d54f27ed0808c3569dc694","0x4dbc433302be54ab1dd089b7d471d1329dd6ccbd38173360bc39d551f1d4818b","0x277a1999922a658af364c55ffd13752ab967b273724279af7d73991d0847ba59"]
["0xe058a92210cead045676d009eca5cfe4b767e2fc19501d0c7bf352f2c5da7dee","0x4b79fda0a9cd6538b708bd6acc9a01ba8332805b74e32405fc337d7abd5d040a","0xbd56e8599f989df7bdb8683b850ba2d1ff97bbfaadbf49e70220fd8be5cbd6cb","0x4010c3c507e8040b36bde3e78eef79c8e11f54b0c5a1107bb51aa05f31fc2b0e","0x137f4df1d543f10b2f2caa2f5637bb90fa1e8b24e221b1c379ddd6c8210bb44f","0x6cc168a234f37cdd43a372637dfcbe224de9f4fa6eaab0b751185eb7feebb739","0x83b7e88a343f9fa6373313baf5997038c34fa63e056eea06c9d4d9f2a3816236","0xa7060455a3f1e5816d670caec31a908587ce6d4bdad44b209100b5d56d316471","0xd5fa2c7feed23038effb80a9df0c414a83171db612d54f27ed0808c3569dc694","0x4dbc433302be54ab1dd089b7d471d1329dd6ccbd38173360bc39d551f1d4818b","0x277a1999922a658af364c55ffd13752ab967b273724279af7d73991d0847ba59"]
["0xd8952e2337f41b4701a01ca3342645b9ff8d560dbf4c74d22782cf1bbf327f6d","0x4b79fda0a9cd6538b708bd6acc9a01ba8332805b74e32405fc337d7abd5d040a","0xbd56e8599f989df7bdb8683b850ba2d1ff97bbfaadbf49e70220fd8be5cbd6cb","0x4010c3c507e8040b36bde3e78eef79c8e11f54b0c5a1107bb51aa05f31fc2b0e","0x137f4df1d543f10b2f2caa2f5637bb90fa1e8b24e221b1c379ddd6c8210bb44f","0x6cc168a234f37cdd43a372637dfcbe224de9f4fa6eaab0b751185eb7feebb739","0x83b7e88a343f9fa6373313baf5997038c34fa63e056eea06c9d4d9f2a3816236","0xa7060455a3f1e5816d670caec31a908587ce6d4bdad44b209100b5d56d316471","0xd5fa2c7feed23038effb80a9df0c414a83171db612d54f27ed0808c3569dc694","0x4dbc433302be54ab1dd089b7d471d1329dd6ccbd38173360bc39d551f1d4818b","0x277a1999922a658af364c55ffd13752ab967b273724279af7d73991d0847ba59"]
["0xe2ca3492f7093f1e092581db7ef9408636fae640292ff0dac12081442b935635","0x653aebd8b1078d60e3c464616bbc10cf579cf1a98abc9fd638eb763cabeba8be","0xbd56e8599f989df7bdb8683b850ba2d1ff97bbfaadbf49e70220fd8be5cbd6cb","0x4010c3c507e8040b36bde3e78eef79c8e11f54b0c5a1107bb51aa05f31fc2b0e","0x137f4df1d543f10b2f2caa2f5637bb90fa1e8b24e221b1c379ddd6c8210bb44f","0x6cc168a234f37cdd43a372637dfcbe224de9f4fa6eaab0b751185eb7feebb739","0x83b7e88a343f9fa6373313baf5997038c34fa63e056eea06c9d4d9f2a3816236","0xa7060455a3f1e5816d670caec31a908587ce6d4bdad44b209100b5d56d316471","0xd5fa2c7feed23038effb80a9df0c414a83171db612d54f27ed0808c3569dc694","0x4dbc433302be54ab1dd089b7d471d1329dd6ccbd38173360bc39d551f1d4818b","0x277a1999922a658af364c55ffd13752ab967b273724279af7d73991d0847ba59"]
["0x3625dfff2e4c7ebcd82ee31c6475e23333dcc5b5c768c0f4f6aca51a79670dec","0x653aebd8b1078d60e3c464616bbc10cf579cf1a98abc9fd638eb763cabeba8be","0xbd56e8599f989df7bdb8683b850ba2d1ff97bbfaadbf49e70220fd8be5cbd6cb","0x4010c3c507e8040b36bde3e78eef79c8e11f54b0c5a1107bb51aa05f31fc2b0e","0x137f4df1d543f10b2f2caa2f5637bb90fa1e8b24e221b1c379ddd6c8210bb44f","0x6cc168a234f37cdd43a372637dfcbe224de9f4fa6eaab0b751185eb7feebb739","0x83b7e88a343f9fa6373313baf5997038c34fa63e056eea06c9d4d9f2a3816236","0xa7060455a3f1e5816d670caec31a908587ce6d4bdad44b209100b5d56d316471","0xd5fa2c7feed23038effb80a9df0c414a83171db612d54f27ed0808c3569dc694","0x4dbc433302be54ab1dd089b7d471d1329dd6ccbd38173360bc39d551f1d4818b","0x277a1999922a658af364c55ffd13752ab967b273724279af7d73991d0847ba59"]
["0xb283b99d10ca39e0ce7caec9b4c15103c31be90d6086b6f7a5cf4e1e84fbb27a","0x2470b35c339b3c12df7d18facc6fa046df298e7f94c75c4e3b5feb3914dcf725","0x3c3efe32d38a5903e1b6bf8b250ab3bce01ee624603c619044d74ca2fbd59faf","0xd9ee4b6b8df97bb79153eaa3eef52e64d5b7674ae665d5ab431f0e3c3efa494f","0x137f4df1d543f10b2f2caa2f5637bb90fa1e8b24e221b1c379ddd6c8210bb44f","0x6cc168a234f37cdd43a372637dfcbe224de9f4fa6eaab0b751185eb7feebb739","0x83b7e88a343f9fa6373313baf5997038c34fa63e056eea06c9d4d9f2a3816236","0xa7060455a3f1e5816d670caec31a908587ce6d4bdad44b209100b5d56d316471","0xd5fa2c7feed23038effb80a9df0c414a83171db612d54f27ed0808c3569dc694","0x4dbc433302be54ab1dd089b7d471d1329dd6ccbd38173360bc39d551f1d4818b","0x277a1999922a658af364c55ffd13752ab967b273724279af7d73991d0847ba59"]
["0x694acc92c0edd53c437437a97e17ad906899343a0ba7d54f2584bc3358818746","0x2470b35c339b3c12df7d18facc6fa046df298e7f94c75c4e3b5feb3914dcf725","0x3c3efe32d38a5903e1b6bf8b250ab3bce01ee624603c619044d74ca2fbd59faf","0xd9ee4b6b8df97bb79153eaa3eef52e64d5b7674ae665d5ab431f0e3c3efa494f","0x137f4df1d543f10b2f2caa2f5637bb90fa1e8b24e221b1c379ddd6c8210bb44f","0x6cc168a234f37cdd43a372637dfcbe224de9f4fa6eaab0b751185eb7feebb739","0x83b7e88a343f9fa6373313baf5997038c34fa63e056eea06c9d4d9f2a3816236","0xa7060455a3f1e5816d670caec31a908587ce6d4bdad44b209100b5d56d316471","0xd5fa2c7feed23038effb80a9df0c414a83171db612d54f27ed0808c3569dc694","0x4dbc433302be54ab1dd089b7d471d1329dd6ccbd38173360bc39d551f1d4818b","0x277a1999922a658af364c55ffd13752ab967b273724279af7d73991d0847ba59"]
["0x300735de7bb08e98945a82efc98fa43a5f825ba63d9bcfe4f322526faa4af5a6","0x09a2ca71123294f6bf9a9220ef9a9a03764b2595e542989867010674eb95de3a","0x3c3efe32d38a5903e1b6bf8b250ab3bce01ee624603c619044d74ca2fbd59faf","0xd9ee4b6b8df97bb79153eaa3eef52e64d5b7674ae665d5ab431f0e3c3efa494f","0x137f4df1d543f10b2f2caa2f5637bb90fa1e8b24e221b1c379ddd6c8210bb44f","0x6cc168a234f37cdd43a372637dfcbe224de9f4fa6eaab0b751185eb7feebb739","0x83b7e88a343f9fa6373313baf5997038c34fa63e056eea06c9d4d9f2a3816236","0xa7060455a3f1e5816d670caec31a908587ce6d4bdad44b209100b5d56d316471","0xd5fa2c7feed23038effb80a9df0c414a83171db612d54f27ed0808c3569dc694","0x4dbc433302be54ab1dd089b7d471d1329dd6ccbd38173360bc39d551f1d4818b","0x277a1999922a658af364c55ffd13752ab967b273724279af7d73991d0847ba59"]
["0xa0b21a10936808952a88fc9ef8b1d89ec68abaa3f5664679a33f90e137f13953","0x09a2ca71123294f6bf9a9220ef9a9a03764b2595e542989867010674eb95de3a","0x3c3efe32d38a5903e1b6bf8b250ab3bce01ee624603c619044d74ca2fbd59faf","0xd9ee4b6b8df97bb79153eaa3eef52e64d5b7674ae665d5ab431f0e3c3efa494f","0x137f4df1d543f10b2f2caa2f5637bb90fa1e8b24e221b1c379ddd6c8210bb44f","0x6cc168a234f37cdd43a372637dfcbe224de9f4fa6eaab0b751185eb7feebb739","0x83b7e88a343f9fa6373313baf5997038c34fa63e056eea06c9d4d9f2a3816236","0xa7060455a3f1e5816d670caec31a908587ce6d4bdad44b209100b5d56d316471","0xd5fa2c7feed23038effb80a9df0c414a83171db612d54f27ed0808c3569dc694","0x4dbc433302be54ab1dd089b7d471d1329dd6ccbd38173360bc39d551f1d4818b","0x277a1999922a658af364c55ffd13752ab967b273724279af7d73991d0847ba59"]
["0x3c5a5e7c24d8e172ba880c15e5e21f6f13c7479983a3df034018b13defa77157","0x9950da49c377d50c28cbb6f4d76804c112a646b0fadb0e46602f6585f90c72cf","0x098a3334f8664373f0cf090a0369013f9de89245d6f3ae7ef9deb38e58087162","0xd9ee4b6b8df97bb79153eaa3eef52e64d5b7674ae665d5ab431f0e3c3efa494f","0x137f4df1d543f10b2f2caa2f5637bb90fa1e8b24e221b1c379ddd6c8210bb44f","0x6cc168a234f37cdd43a372637dfcbe224de9f4fa6eaab0b751185eb7feebb739","0x83b7e88a343f9fa6373313baf5997038c34fa63e056eea06c9d4d9f2a3816236","0xa7060455a3f1e5816d670caec31a908587ce6d4bdad44b209100b5d56d316471","0xd5fa2c7feed23038effb80a9df0c414a83171db612d54f27ed0808c3569dc694","0x4dbc433302be54ab1dd089b7d471d1329dd6ccbd38173360bc39d551f1d4818b","0x277a1999922a658af364c55ffd13752ab967b273724279af7d73991d0847ba59"]
["0x12798b6d920c0e8bcdd0bc94a5741f656c694a6b974ba13e5c6477c0abc85620","0x9950da49c377d50c28cbb6f4d76804c112a646b0fadb0e46602f6585f90c72cf","0x098a3334f8664373f0cf090a0369013f9de89245d6f3ae7ef9deb38e58087162","0xd9ee4b6b8df97bb79153eaa3eef52e64d5b7674ae665d5ab431f0e3c3efa494f","0x137f4df1d543f10b2f2caa2f5637bb90fa1e8b24e221b1c379ddd6c8210bb44f","0x6cc168a234f37cdd43a372637dfcbe224de9f4fa6eaab0b751185eb7feebb739","0x83b7e88a343f9fa6373313baf5997038c34fa63e056eea06c9d4d9f2a3816236","0xa7060455a3f1e5816d670caec31a908587ce6d4bdad44b209100b5d56d316471","0xd5fa2c7feed23038effb80a9df0c414a83171db612d54f27ed0808c3569dc694","0x4dbc433302be54ab1dd089b7d471d1329dd6ccbd38173360bc39d551f1d4818b","0x277a1999922a658af364c55ffd13752ab967b273724279af7d73991d0847ba59"]
["0x46e7fe4176ca144699355e9d8339aa9e29d2e0f176afc31178776ea335d54a8e","0xdbabd0ed5838148a2198e52f6aae7d6226dfedf99152f9c60d4e87e907bd3ffb","0x098a3334f8664373f0cf090a0369013f9de89245d6f3ae7ef9deb38e58087162","0xd9ee4b6b8df97bb79153eaa3eef52e64d5b7674ae665d5ab431f0e3c3efa494f","0x137f4df1d543f10b2f2caa2f5637bb90fa1e8b24e221b1c379ddd6c8210bb44f","0x6cc168a234f37cdd43a372637dfcbe224de9f4fa6eaab0b751185eb7feebb739","0x83b7e88a343f9fa6373313baf5997038c34fa63e056eea06c9d4d9f2a3816236","0xa7060455a3f1e5816d670caec31a908587ce6d4bdad44b209100b5d56d316471","0xd5fa2c7feed23038effb80a9df0c414a83171db612d54f27ed0808c3569dc694","0x4dbc433302be54ab1dd089b7d471d1329dd6ccbd38173360bc39d551f1d4818b","0x277a1999922a658af364c55ffd13752ab967b273724279af7d73991d0847ba59"]
["0xc6edb57fa5964c51123efe8238d5bc3a4a7d7e020e67aef96e2b52e19ce41aa7","0xdbabd0ed5838148a2198e52f6aae7d6226dfedf99152f9c60d4e87e907bd3ffb","0x098a3334f8664373f0cf090a0369013f9de89245d6f3ae7ef9deb38e58087162","0xd9ee4b6b8df97bb79153eaa3eef52e64d5b7674ae665d5ab431f0e3c3efa494f","0x137f4df1d543f10b2f2caa2f5637bb90fa1e8b24e221b1c379ddd6c8210bb44f","0x6cc168a234f37cdd43a372637dfcbe224de9f4fa6eaab0b751185eb7feebb739","0x83b7e88a343f9fa6373313baf5997038c34fa63e056eea06c9d4d9f2a3816236","0xa7060455a3f1e5816d670caec31a908587ce6d4bdad44b209100b5d56d316471","0xd5fa2c7feed23038effb80a9df0c414a83171db612d54f27ed0808c3569dc694","0x4dbc433302be54ab1dd089b7d471d1329dd6ccbd38173360bc39d551f1d4818b","0x277a1999922a658af364c55ffd13752ab967b273724279af7d73991d0847ba59"]
["0xeb19ca15ae5dd4b965668cd2ca100a2795ac068a0000cac84b3c877d4dedd4f2","0x9738228d3f51c04d80e8c04e234b2353c90b2eda33485da2c86cf95f585f4076","0xc62656a9d2ae14271b5e40198d0b96b6c2e6ca933bedd44bebe449687ca48735","0xafc60ae79fec96320f3155f3e012d1792e14546da5e3746e0f21a698eb611aa3","0x3b450e3fff53e489c2e91b9b52f6abc36cffaf19a45ea67535b27acd26f8dfb0","0x6cc168a234f37cdd43a372637dfcbe224de9f4fa6eaab0b751185eb7feebb739","0x83b7e88a343f9fa6373313baf5997038c34fa63e056eea06c9d4d9f2a3816236","0xa7060455a3f1e5816d670caec31a908587ce6d4bdad44b209100b5d56d316471","0xd5fa2c7feed23038effb80a9df0c414a83171db612d54f27ed0808c3569dc694","0x4dbc433302be54ab1dd089b7d471d1329dd6ccbd38173360bc39d551f1d4818b","0x277a1999922a658af364c55ffd13752ab967b273724279af7d73991d0847ba59"]
["0xcab245cd85e875676be5894f1d32e530163ad6b76434ffd3e06218a95dca768e","0x9738228d3f51c04d80e8c04e234b2353c90b2eda33485da2c86cf95f585f4076","0xc62656a9d2ae14271b5e40198d0b96b6c2e6ca933bedd44bebe449687ca48735","0xafc60ae79fec96320f3155f3e012d1792e14546da5e3746e0f21a698eb611aa3","0x3b450e3fff53e489c2e91b9b52f6abc36cffaf19a45ea67535b27acd26f8dfb0","0x6cc168a234f37cdd43a372637dfcbe224de9f4fa6eaab0b751185eb7feebb739","0x83b7e88a343f9fa6373313baf5997038c34fa63e056eea06c9d4d9f2a3816236","0xa7060455a3f1e5816d670caec31a908587ce6d4bdad44b209100b5d56d316471","0xd5fa2c7feed23038effb80a9df0c414a83171db612d54f27ed0808c3569dc694","0x4dbc433302be54ab1dd089b7d471d1329dd6ccbd38173360bc39d551f1d4818b","0x277a1999922a658af364c55ffd13752ab967b273724279af7d73991d0847ba59"]
["0xc5f09521c31e4d490038e130fcfe57921de060e58c8be6b54fc4ebfbe0358f62","0xadaf9cb5b60865ce7d80173091291284feb1ac9e31427e57c425dff2ef0f95d2","0xc62656a9d2ae14271b5e40198d0b96b6c2e6ca933bedd44bebe449687ca48735","0xafc60ae79fec96320f3155f3e012d1792e14546da5e3746e0f21a698eb611aa3","0x3b450e3fff53e489c2e91b9b52f6abc36cffaf19a45ea67535b27acd26f8dfb0","0x6cc168a234f37cdd43a372637dfcbe224de9f4fa6eaab0b751185eb7feebb739","0x83b7e88a343f9fa6373313baf5997038c34fa63e056eea06c9d4d9f2a3816236","0xa7060455a3f1e5816d670caec31a908587ce6d4bdad44b209100b5d56d316471","0xd5fa2c7feed23038effb80a9df0c414a83171db612d54f27ed0808c3569dc694","0x4dbc433302be54ab1dd089b7d471d1329dd6ccbd38173360bc39d551f1d4818b","0x277a1999922a658af364c55ffd13752ab967b273724279af7d73991d0847ba59"]
["0xb33e70bbd8e4fe54e0cef5cdb86ff9cc71eaf6211d457546d287be828fb69839","0xadaf9cb5b60865ce7d80173091291284feb1ac9e31427e57c425dff2ef0f95d2","0xc62656a9d2ae14271b5e40198d0b96b6c2e6ca933bedd44bebe449687ca48735","0xafc60ae79fec96320f3155f3e012d1792e14546da5e3746e0f21a698eb611aa3","0x3b450e3fff53e489c2e91b9b52f6abc36cffaf19a45ea67535b27acd26f8dfb0","0x6cc168a234f37cdd43a372637dfcbe224de9f4fa6eaab0b751185eb7feebb739","0x83b7e88a343f9fa6373313baf5997038c34fa63e056eea06c9d4d9f2a3816236","0xa7060455a3f1e5816d670caec31a908587ce6d4bdad44b209100b5d56d316471","0xd5fa2c7feed23038effb80a9df0c414a83171db612d54f27ed0808c3569dc694","0x4dbc433302be54ab1dd089b7d471d1329dd6ccbd38173360bc39d551f1d4818b","0x277a1999922a658af364c55ffd13752ab967b273724279af7d73991d0847ba59"]
["0x84e87ce8b9d3a95b6880dff7a8bb1ece4a33a2f99d6e81e3ce0d7cb78a6c9b14","0x4f6112d9e2fd1ea50a91758a85a5b07c2a92882874d501f0a38b002c7c6bb7b6","0x515dea36cc80cb5e38b08f1639051004f2e112f24ba1d4521950b43e7415ac36","0xafc60ae79fec96320f3155f3e012d1792e14546da5e3746e0f21a698eb611aa3","0x3b450e3fff53e489c2e91b9b52f6abc36cffaf19a45ea67535b27acd26f8dfb0","0x6cc168a234f37cdd43a372637dfcbe224de9f4fa6eaab0b751185eb7feebb739","0x83b7e88a343f9fa6373313baf5997038c34fa63e056eea06c9d4d9f2a3816236","0xa7060455a3f1e5816d670caec31a908587ce6d4bdad44b209100b5d56d316471","0xd5fa2c7feed23038effb80a9df0c414a83171db612d54f27ed0808c3569dc694","0x4dbc433302be54ab1dd089b7d471d1329dd6ccbd38173360bc39d551f1d4818b","0x277a1999922a658af364c55ffd13752ab967b273724279af7d73991d0847ba59"]
["0xee83ea3da5ecd62c487d645c01cf757390ef28ce1bc6d4e21a9ae58ecf047bc3","0x4f6112d9e2fd1ea50a91758a85a5b07c2a92882874d501f0a38b002c7c6bb7b6","0x515dea36cc80cb5e38b08f1639051004f2e112f24ba1d4521950b43e7415ac36","0xafc60ae79fec96320f3155f3e012d1792e14546da5e3746e0f21a698eb611aa3","0x3b450e3fff53e489c2e91b9b52f6abc36cffaf19a45ea67535b27acd26f8dfb0","0x6cc168a234f37cdd43a372637dfcbe224de9f4fa6eaab0b751185eb7feebb739","0x83b7e88a343f9fa6373313baf5997038c34fa63e056eea06c9d4d9f2a3816236","0xa7060455a3f1e5816d670caec31a908587ce6d4bdad44b209100b5d56d316471","0xd5fa2c7feed23038effb80a9df0c414a83171db612d54f27ed0808c3569dc694","0x4dbc433302be54ab1dd089b7d471d1329dd6ccbd38173360bc39d551f1d4818b","0x277a1999922a658af364c55ffd13752ab967b273724279af7d73991d0847ba59"]
["0x867fa07e4364e8691b491a6350bfbe4208cf4f8db056f30927f588937645d393","0xe92928f268f7ef8ce2bf516e72a4a7050731c85caaf8353c48727fda5a9c9fc6","0x515dea36cc80cb5e38b08f1639051004f2e112f24ba1d4521950b43e7415ac36","0xafc60ae79fec96320f3155f3e012d1792e14546da5e3746e0f21a698eb611aa3","0x3b450e3fff53e489c2e91b9b52f6abc36cffaf19a45ea67535b27acd26f8dfb0","0x6cc168a234f37cdd43a372637dfcbe224de9f4fa6eaab0b751185eb7feebb739","0x83b7e88a343f9fa6373313baf5997038c34fa63e056eea06c9d4d9f2a3816236","0xa7060455a3f1e5816d670caec31a908587ce6d4bdad44b209100b5d56d316471","0xd5fa2c7feed23038effb80a9df0c414a83171db612d54f27ed0808c3569dc694","0x4dbc433302be54ab1dd089b7d471d1329dd6ccbd38173360bc39d551f1d4818b","0x277a1999922a658af364c55ffd13752ab967b273724279af7d73991d0847ba59"]
["0x08b9e2996eba493f5258a869b26d539ac7a0c686c44dc02b4403122f020d4659","0xe92928f268f7ef8ce2bf516e72a4a7050731c85caaf8353c48727fda5a9c9fc6","0x515dea36cc80cb5e38b08f1639051004f2e112f24ba1d4521950b43e7415ac36","0xafc60ae79fec96320f3155f3e012d1792e14546da5e3746e0f21a698eb611aa3","0x3b450e3fff53e489c2e91b9b52f6abc36cffaf19a45ea67535b27acd26f8dfb0","0x6cc168a234f37cdd43a372637dfcbe224de9f4fa6eaab0b751185eb7feebb739","0x83b7e88a343f9fa6373313baf5997038c34fa63e056eea06c9d4d9f2a3816236","0xa7060455a3f1e5816d670caec31a908587ce6d4bdad44b209100b5d56d316471","0xd5fa2c7feed23038effb80a9df0c414a83171db612d54f27ed0808c3569dc694","0x4dbc433302be54ab1dd089b7d471d1329dd6ccbd38173360bc39d551f1d4818b","0x277a1999922a658af364c55ffd13752ab967b273724279af7d73991d0847ba59"]
["0x267f9bc0379f07fe075e3ea552672bd08259074afbe17606420a3d19eecca386","0x4790112c1c02b0334a0746a1acbc6a2683887078fef9e0db2a782488800a2775","0xc0ab0ecbf93eb382796ba69ef3fe6860718cbc90619dd259e083eea1bf0d9ebf","0xca226ef89be335425134fd2eb7fdbc4df1887863f4fab5a26edeba405b16a4af","0x3b450e3fff53e489c2e91b9b52f6abc36cffaf19a45ea67535b27acd26f8dfb0","0x6cc168a234f37cdd43a372637dfcbe224de9f4fa6eaab0b751185eb7feebb739","0x83b7e88a343f9fa6373313baf5997038c34fa63e056eea06c9d4d9f2a3816236","0xa7060455a3f1e5816d670caec31a908587ce6d4bdad44b209100b5d56d316471","0xd5fa2c7feed23038effb80a9df0c414a83171db612d54f27ed0808c3569dc694","0x4dbc433302be54ab1dd089b7d471d1329dd6ccbd38173360bc39d551f1d4818b","0x277a1999922a658af364c55ffd13752ab967b273724279af7d73991d0847ba59"]
["0x4578404be7bf17ba3c86ad26fe2429c0bf0de7f1a9ced5b09f1396d56d5f294f","0x4790112c1c02b0334a0746a1acbc6a2683887078fef9e0db2a782488800a2775","0xc0ab0ecbf93eb382796ba69ef3fe6860718cbc90619dd259e083eea1bf0d9ebf","0xca226ef89be335425134fd2eb7fdbc4df1887863f4fab5a26edeba405b16a4af","0x3b450e3fff53e489c2e91b9b52f6abc36cffaf19a45ea67535b27acd26f8dfb0","0x6cc168a234f37cdd43a372637dfcbe224de9f4fa6eaab0b751185eb7feebb739","0x83b7e88a343f9fa6373313baf5997038c34fa63e056eea06c9d4d9f2a3816236","0xa7060455a3f1e5816d670caec31a908587ce6d4bdad44b209100b5d56d316471","0xd5fa2c7feed23038effb80a9df0c414a83171db612d54f27ed0808c3569dc694","0x4dbc433302be54ab1dd089b7d471d1329dd6ccbd38173360bc39d551f1d4818b","0x277a1999922a658af364c55ffd13752ab967b273724279af7d73991d0847ba59"]
["0xa76786f2eaf4b6e40ff904f0fdc442d506f80879ceb0f214ecafdff0df023e96","0x896619e24ec8877a5bfe8be63367db462eb375a6ca58e4144125079e89d4d1ce","0xc0ab0ecbf93eb382796ba69ef3fe6860718cbc90619dd259e083eea1bf0d9ebf","0xca226ef89be335425134fd2eb7fdbc4df1887863f4fab5a26edeba405b16a4af","0x3b450e3fff53e489c2e91b9b52f6abc36cffaf19a45ea67535b27acd26f8dfb0","0x6cc168a234f37cdd43a372637dfcbe224de9f4fa6eaab0b751185eb7feebb739","0x83b7e88a343f9fa6373313baf5997038c34fa63e056eea06c9d4d9f2a3816236","0xa7060455a3f1e5816d670caec31a908587ce6d4bdad44b209100b5d56d316471","0xd5fa2c7feed23038effb80a9df0c414a83171db612d54f27ed0808c3569dc694","0x4dbc433302be54ab1dd089b7d471d1329dd6ccbd38173360bc39d551f1d4818b","0x277a1999922a658af364c55ffd13752ab967b273724279af7d73991d0847ba59"]
["0x0eaa0bea9186e7e33a9e61339ee30d6b61c181db62d73ee8893c964ba1b78c2b","0x896619e24ec8877a5bfe8be63367db462eb375a6ca58e4144125079e89d4d1ce","0xc0ab0ecbf93eb382796ba69ef3fe6860718cbc90619dd259e083eea1bf0d9ebf","0xca226ef89be335425134fd2eb7fdbc4df1887863f4fab5a26edeba405b16a4af","0x3b450e3fff53e489c2e91b9b52f6abc36cffaf19a45ea67535b27acd26f8dfb0","0x6cc168a234f37cdd43a372637dfcbe224de9f4fa6eaab0b751185eb7feebb739","0x83b7e88a343f9fa6373313baf5997038c34fa63e056eea06c9d4d9f2a3816236","0xa7060455a3f1e5816d670caec31a908587ce6d4bdad44b209100b5d56d316471","0xd5fa2c7feed23038effb80a9df0c414a83171db612d54f27ed0808c3569dc694","0x4dbc433302be54ab1dd089b7d471d1329dd6ccbd38173360bc39d551f1d4818b","0x277a1999922a658af364c55ffd13752ab967b273724279af7d73991d0847ba59"]
["0xddded82efe2f41d9c2bfcfe3d226b23bce0c8ddd8be5e4a7fd96bc8232a16d38","0x175ec9c88dcf7227ebdac67b903b3fb23ec272bc521d46d1f1fd50386106c3a8","0x831a09784223dbc01b5cf87ceca0ddcfebb91c74d3126f5cd2410d2fae095e7d","0xca226ef89be335425134fd2eb7fdbc4df1887863f4fab5a26edeba405b16a4af","0x3b450e3fff53e489c2e91b9b52f6abc36cffaf19a45ea67535b27acd26f8dfb0","0x6cc168a234f37cdd43a372637dfcbe224de9f4fa6eaab0b751185eb7feebb739","0x83b7e88a343f9fa6373313baf5997038c34fa63e056eea06c9d4d9f2a3816236","0xa7060455a3f1e5816d670caec31a908587ce6d4bdad44b209100b5d56d316471","0xd5fa2c7feed23038effb80a9df0c414a83171db612d54f27ed0808c3569dc694","0x4dbc433302be54ab1dd089b7d471d1329dd6ccbd38173360bc39d551f1d4818b","0x277a1999922a658af364c55ffd13752ab967b273724279af7d73991d0847ba59"]
["0xe5093ce27da414cd1d09703399fa0d4fbf90aafa6393314f758a190ad39e6a67","0x175ec9c88dcf7227ebdac67b903b3fb23ec272bc521d46d1f1fd50386106c3a8","0x831a09784223dbc01b5cf87ceca0ddcfebb91c74d3126f5cd2410d2fae095e7d","0xca226ef89be335425134fd2eb7fdbc4df1887863f4fab5a26edeba405b16a4af","0x3b450e3fff53e489c2e91b9b52f6abc36cffaf19a45ea67535b27acd26f8dfb0","0x6cc168a234f37cdd43a372637dfcbe224de9f4fa6eaab0b751185eb7feebb739","0x83b7e88a343f9fa6373313baf5997038c34fa63e056eea06c9d4d9f2a3816236","0xa7060455a3f1e5816d670caec31a908587ce6d4bdad44b209100b5d56d316471","0xd5fa2c7feed23038effb80a9df0c414a83171db612d54f27ed0808c3569dc694","0x4dbc433302be54ab1dd089b7d471d1329dd6ccbd38173360bc39d551f1d4818b","0x277a1999922a658af364c55ffd13752ab967b273724279af7d73991d0847ba59"]
["0x8cb08fa12bad7100263e06c52e1d58aade992c506cdd52280b3ec6201d198654","0xc75f9b0ce671aa78ae3b91b4ecad69c7a347e25ad34ea84b6beaae2c76860dc6","0x831a09784223dbc01b5cf87ceca0ddcfebb91c74d3126f5cd2410d2fae095e7d","0xca226ef89be335425134fd2eb7fdbc4df1887863f4fab5a26edeba405b16a4af","0x3b450e3fff53e489c2e91b9b52f6abc36cffaf19a45ea67535b27acd26f8dfb0","0x6cc168a234f37cdd43a372637dfcbe224de9f4fa6eaab0b751185eb7feebb739","0x83b7e88a343f9fa6373313baf5997038c34fa63e056eea06c9d4d9f2a3816236","0xa7060455a3f1e5816d670caec31a908587ce6d4bdad44b209100b5d56d316471","0xd5fa2c7feed23038effb80a9df0c414a83171db612d54f27ed0808c3569dc694","0x4dbc433302be54ab1dd089b7d471d1329dd6ccbd38173360bc39d551f1d4818b","0x277a1999922a658af364c55ffd13752ab967b273724279af7d73991d0847ba59"]
["0x60f9a5deffe9f57cf9fc6490e8368104c9bd0d11b02bbc173c29578b102bd1c0","0xc75f9b0ce671aa78ae3b91b4ecad69c7a347e25ad34ea84b6beaae2c76860dc6","0x831a09784223dbc01b5cf87ceca0ddcfebb91c74d3126f5cd2410d2fae095e7d","0xca226ef89be335425134fd2eb7fdbc4df1887863f4fab5a26edeba405b16a4af","0x3b450e3fff53e489c2e91b9b52f6abc36cffaf19a45ea67535b27acd26f8dfb0","0x6cc168a234f37cdd43a372637dfcbe224de9f4fa6eaab0b751185eb7feebb739","0x83b7e88a343f9fa6373313baf5997038c34fa63e056eea06c9d4d9f2a3816236","0xa7060455a3f1e5816d670caec31a908587ce6d4bdad44b209100b5d56d316471","0xd5fa2c7feed23038effb80a9df0c414a83171db612d54f27ed0808c3569dc694","0x4dbc433302be54ab1dd089b7d471d1329dd6ccbd38173360bc39d551f1d4818b","0x277a1999922a658af364c55ffd13752ab967b273724279af7d73991d0847ba59"]
["0xc504e62a0195d905869d5b70ba7fd2097046dff54387cb3540b843f476f00901","0x8b00ff9c26216c88cb6268302389780b2a30aa7396606473025cda2c0feaa136","0x7c20c9582aa012fa278b5672af3c142192cd248fb78859449377ebe8a5e533c6","0x604949110094f0a13f62bf288e543ef0cba279754d840eb6cb06594686bfaaf8","0x6c49ef748dc2f8d59dac2a994a0c213b7d718bebdb9053fa6df68b44f7d84a36","0x18b3cdfdc0b309d176226c16ddd562390db01151fa4c754a9a6fa318d0db27ef","0xa7060455a3f1e5816d670caec31a908587ce6d4bdad44b209100b5d56d316471","0xd5fa2c7feed23038effb80a9df0c414a83171db612d54f27ed0808c3569dc694","0x4dbc433302be54ab1dd089b7d471d1329dd6ccbd38173360bc39d551f1d4818b","0x277a1999922a658af364c55ffd13752ab967b273724279af7d73991d0847ba59"]
["0xb81cf9580edd0e6b1b664b2ea52b33debc77e7ec6cef88d684060be49877bf73","0x8b00ff9c26216c88cb6268302389780b2a30aa7396606473025cda2c0feaa136","0x7c20c9582aa012fa278b5672af3c142192cd248fb78859449377ebe8a5e533c6","0x604949110094f0a13f62bf288e543ef0cba279754d840eb6cb06594686bfaaf8","0x6c49ef748dc2f8d59dac2a994a0c213b7d718bebdb9053fa6df68b44f7d84a36","0x18b3cdfdc0b309d176226c16ddd562390db01151fa4c754a9a6fa318d0db27ef","0xa7060455a3f1e5816d670caec31a908587ce6d4bdad44b209100b5d56d316471","0xd5fa2c7feed23038effb80a9df0c414a83171db612d54f27ed0808c3569dc694","0x4dbc433302be54ab1dd089b7d471d1329dd6ccbd38173360bc39d551f1d4818b","0x277a1999922a658af364c55ffd13752ab967b273724279af7d73991d0847ba59"]
["0x02fd7d1dbc3175c32ef8b0edfe70064c18137a7519cbc783a77f39c15e29eaa0","0x27e06753789845064c50d442cd92d4a42b422472d3a5aee409e6110634799c1b","0x7c20c9582aa012fa278b5672af3c142192cd248fb78859449377ebe8a5e533c6","0x604949110094f0a13f62bf288e543ef0cba279754d840eb6cb06594686bfaaf8","0x6c49ef748dc2f8d59dac2a994a0c213b7d718bebdb9053fa6df68b44f7d84a36","0x18b3cdfdc0b309d176226c16ddd562390db01151fa4c754a9a6fa318d0db27ef","0xa7060455a3f1e5816d670caec31a908587ce6d4bdad44b209100b5d56d316471","0xd5fa2c7feed23038effb80a9df0c414a83171db612d54f27ed0808c3569dc694","0x4dbc433302be54ab1dd089b7d471d1329dd6ccbd38173360bc39d551f1d4818b","0x277a1999922a658af364c55ffd13752ab967b273724279af7d73991d0847ba59"]
["0x027622df3a388a59184e4a5e8055316140f81008758cebd3029aa600116c4cc5","0x27e06753789845064c50d442cd92d4a42b422472d3a5aee409e6110634799c1b","0x7c20c9582aa012fa278b5672af3c142192cd248fb78859449377ebe8a5e533c6","0x604949110094f0a13f62bf288e543ef0cba279754d840eb6cb06594686bfaaf8","0x6c49ef748dc2f8d59dac2a994a0c213b7d718bebdb9053fa6df68b44f7d84a36","0x18b3cdfdc0b309d176226c16ddd562390db01151fa4c754a9a6fa318d0db27ef","0xa7060455a3f1e5816d670caec31a908587ce6d4bdad44b209100b5d56d316471","0xd5fa2c7feed23038effb80a9df0c414a83171db612d54f27ed0808c3569dc694","0x4dbc433302be54ab1dd089b7d471d1329dd6ccbd38173360bc39d551f1d4818b","0x277a1999922a658af364c55ffd13752ab967b273724279af7d73991d0847ba59"]
["0x6063c4a56f47d2a86747ea842cec565d94f8e54db431fd745d54a25fdd2d4266","0xc9c6a4efc5b0f27ca0c52b011d9c4d6d237cddb98ac468e174a6059025942223","0xf3c57d5531daba0dd403b5b67d0db90e7b0e700a3a343025fd1e8c5de65a6f65","0x604949110094f0a13f62bf288e543ef0cba279754d840eb6cb06594686bfaaf8","0x6c49ef748dc2f8d59dac2a994a0c213b7d718bebdb9053fa6df68b44f7d84a36","0x18b3cdfdc0b309d176226c16ddd562390db01151fa4c754a9a6fa318d0db27ef","0xa7060455a3f1e5816d670caec31a908587ce6d4bdad44b209100b5d56d316471","0xd5fa2c7feed23038effb80a9df0c414a83171db612d54f27ed0808c3569dc694","0x4dbc433302be54ab1dd089b7d471d1329dd6ccbd38173360bc39d551f1d4818b","0x277a1999922a658af364c55ffd13752ab967b273724279af7d73991d0847ba59"]
["0x6b23bf877fa93ff71b6386ba87a5a53f5de5c986ba673edb8a7dc98c90bbbf72","0xc9c6a4efc5b0f27ca0c52b011d9c4d6d237cddb98ac468e174a6059025942223","0xf3c57d5531daba0dd403b5b67d0db90e7b0e700a3a343025fd1e8c5de65a6f65","0x604949110094f0a13f62bf288e543ef0cba279754d840eb6cb06594686bfaaf8","0x6c49ef748dc2f8d59dac2a994a0c213b7d718bebdb9053fa6df68b44f7d84a36","0x18b3cdfdc0b309d176226c16ddd562390db01151fa4c754a9a6fa318d0db27ef","0xa7060455a3f1e5816d670caec31a908587ce6d4bdad44b209100b5d56d316471","0xd5fa2c7feed23038effb80a9df0c414a83171db612d54f27ed0808c3569dc694","0x4dbc433302be54ab1dd089b7d471d1329dd6ccbd38173360bc39d551f1d4818b","0x277a1999922a658af364c55ffd13752ab967b273724279af7d73991d0847ba59"]
["0x7f48303bfacc414b451d5cedc94bf201bd7ff742b56c3f1d442aa4789fcaaf6e","0x0199a32e83566b2ded45f40db70ae2cd9e542a98559f84850d0378221335c53d","0xf3c57d5531daba0dd403b5b67d0db90e7b0e700a3a343025fd1e8c5de65a6f65","0x604949110094f0a13f62bf288e543ef0cba279754d840eb6cb06594686bfaaf8","0x6c49ef748dc2f8d59dac2a994a0c213b7d718bebdb9053fa6df68b44f7d84a36","0x18b3cdfdc0b309d176226c16ddd562390db01151fa4c754a9a6fa318d0db27ef","0xa7060455a3f1e5816d670caec31a908587ce6d4bdad44b209100b5d56d316471","0xd5fa2c7feed23038effb80a9df0c414a83171db612d54f27ed0808c3569dc694","0x4dbc433302be54ab1dd089b7d471d1329dd6ccbd38173360bc39d551f1d4818b","0x277a1999922a658af364c55ffd13752ab967b273724279af7d73991d0847ba59"]
["0x98db059734d0c645d61f36370095286d93374203b222d23c0747709347483522","0x0199a32e83566b2ded45f40db70ae2cd9e542a98559f84850d0378221335c53d","0xf3c57d5531daba0dd403b5b67d0db90e7b0e700a3a343025fd1e8c5de65a6f65","0x604949110094f0a13f62bf288e543ef0cba279754d840eb6cb06594686bfaaf8","0x6c49ef748dc2f8d59dac2a994a0c213b7d718bebdb9053fa6df68b44f7d84a36","0x18b3cdfdc0b309d176226c16ddd562390db01151fa4c754a9a6fa318d0db27ef","0xa7060455a3f1e5816d670caec31a908587ce6d4bdad44b209100b5d56d316471","0xd5fa2c7feed23038effb80a9df0c414a83171db612d54f27ed0808c3569dc694","0x4dbc433302be54ab1dd089b7d471d1329dd6ccbd38173360bc39d551f1d4818b","0x277a1999922a658af364c55ffd13752ab967b273724279af7d73991d0847ba59"]
["0xaf6ad32e87ee2b82a72f8b9bc9e6c8afcbb8e0fe185802c19c7c370341528435","0x4699a8605d02d2873269d589e70c0fa8ac40a0bbb4c23143c9a8abcb45e7e583","0xd9e7fe039a3836dccdfb52e992e75d58b4ad8d19eaef4775ff3bb74094bcae9c","0xd1284cfb72ed44071564494fcb565149018531a42d45148063a27a939f4054a9","0x6c49ef748dc2f8d59dac2a994a0c213b7d718bebdb9053fa6df68b44f7d84a36","0x18b3cdfdc0b309d176226c16ddd562390db01151fa4c754a9a6fa318d0db27ef","0xa7060455a3f1e5816d670caec31a908587ce6d4bdad44b209100b5d56d316471","0xd5fa2c7feed23038effb80a9df0c414a83171db612d54f27ed0808c3569dc694","0x4dbc433302be54ab1dd089b7d471d1329dd6ccbd38173360bc39d551f1d4818b","0x277a1999922a658af364c55ffd13752ab967b273724279af7d73991d0847ba59"]
["0x98474a673e950e3ee5937875dc944e6a67491d66e7e5d8d556c0f36e4c332835","0x4699a8605d02d2873269d589e70c0fa8ac40a0bbb4c23143c9a8abcb45e7e583","0xd9e7fe039a3836dccdfb52e992e75d58b4ad8d19eaef4775ff3bb74094bcae9c","0xd1284cfb72ed44071564494fcb565149018531a42d45148063a27a939f4054a9","0x6c49ef748dc2f8d59dac2a994a0c213b7d718bebdb9053fa6df68b44f7d84a36","0x18b3cdfdc0b309d176226c16ddd562390db01151fa4c754a9a6fa318d0db27ef","0xa7060455a3f1e5816d670caec31a908587ce6d4bdad44b209100b5d56d316471","0xd5fa2c7feed23038effb80a9df0c414a83171db612d54f27ed0808c3569dc694","0x4dbc433302be54ab1dd089b7d471d1329dd6ccbd38173360bc39d551f1d4818b","0x277a1999922a658af364c55ffd13752ab967b273724279af7d73991d0847ba59"]
["0x35e085b875c5a877ef68137e0eb49430b0febc7dbc14745493c59c9d2f180da3","0x36d14bf06fa319409ee7b77cc0982f9c1651dc2fa5c756b9f7f054579a3759cc","0xd9e7fe039a3836dccdfb52e992e75d58b4ad8d19eaef4775ff3bb74094bcae9c","0xd1284cfb72ed44071564494fcb565149018531a42d45148063a27a939f4054a9","0x6c49ef748dc2f8d59dac2a994a0c213b7d718bebdb9053fa6df68b44f7d84a36","0x18b3cdfdc0b309d176226c16ddd562390db01151fa4c754a9a6fa318d0db27ef","0xa7060455a3f1e5816d670caec31a908587ce6d4bdad44b209100b5d56d316471","0xd5fa2c7feed23038effb80a9df0c414a83171db612d54f27ed0808c3569dc694","0x4dbc433302be54ab1dd089b7d471d1329dd6ccbd38173360bc39d551f1d4818b","0x277a1999922a658af364c55ffd13752ab967b273724279af7d73991d0847ba59"]
["0x26b92f53b75498b0171a3da0ff46e790d5bae6d4141284176498d47f1dcf8588","0x36d14bf06fa319409ee7b77cc0982f9c1651dc2fa5c756b9f7f054579a3759cc","0xd9e7fe039a3836dccdfb52e992e75d58b4ad8d19eaef4775ff3bb74094bcae9c","0xd1284cfb72ed44071564494fcb565149018531a42d45148063a27a939f4054a9","0x6c49ef748dc2f8d59dac2a994a0c213b7d718bebdb9053fa6df68b44f7d84a36","0x18b3cdfdc0b309d176226c16ddd562390db01151fa4c754a9a6fa318d0db27ef","0xa7060455a3f1e5816d670caec31a908587ce6d4bdad44b209100b5d56d316471","0xd5fa2c7feed23038effb80a9df0c414a83171db612d54f27ed0808c3569dc694","0x4dbc433302be54ab1dd089b7d471d1329dd6ccbd38173360bc39d551f1d4818b","0x277a1999922a658af364c55ffd13752ab967b273724279af7d73991d0847ba59"]
["0x8bf2ebe51be50ff5d4d3a1b7099383aad6aeced2e7d8dbb975d405c23bbf3703","0x2b5d52bd3133059b3327f63f21bcb13d11d4466ea83070d21c476bf7008e3eba","0x9d4e18f498dbc658b6982a1d854e7c353faf79dfc70de3ac45eda96c5916acfc","0xd1284cfb72ed44071564494fcb565149018531a42d45148063a27a939f4054a9","0x6c49ef748dc2f8d59dac2a994a0c213b7d718bebdb9053fa6df68b44f7d84a36","0x18b3cdfdc0b309d176226c16ddd562390db01151fa4c754a9a6fa318d0db27ef","0xa7060455a3f1e5816d670caec31a908587ce6d4bdad44b209100b5d56d316471","0xd5fa2c7feed23038effb80a9df0c414a83171db612d54f27ed0808c3569dc694","0x4dbc433302be54ab1dd089b7d471d1329dd6ccbd38173360bc39d551f1d4818b","0x277a1999922a658af364c55ffd13752ab967b273724279af7d73991d0847ba59"]
["0x353de93efd6bd9e6f3f06501116805bdf8861e216943981778e2769aef8822a8","0x2b5d52bd3133059b3327f63f21bcb13d11d4466ea83070d21c476bf7008e3eba","0x9d4e18f498dbc658b6982a1d854e7c353faf79dfc70de3ac45eda96c5916acfc","0xd1284cfb72ed44071564494fcb565149018531a42d45148063a27a939f4054a9","0x6c49ef748dc2f8d59dac2a994a0c213b7d718bebdb9053fa6df68b44f7d84a36","0x18b3cdfdc0b309d176226c16ddd562390db01151fa4c754a9a6fa318d0db27ef","0xa7060455a3f1e5816d670caec31a908587ce6d4bdad44b209100b5d56d316471","0xd5fa2c7feed23038effb80a9df0c414a83171db612d54f27ed0808c3569dc694","0x4dbc433302be54ab1dd089b7d471d1329dd6ccbd38173360bc39d551f1d4818b","0x277a1999922a658af364c55ffd13752ab967b273724279af7d73991d0847ba59"]
["0x96925538d2af540105a7c2aace9d827871332b3e0d106d7bb977fb917b60ca20","0x90eebbb6d56b3402e5a9b9ff64470db1327818c0803797cf33c45c716f6a2ca1","0x9d4e18f498dbc658b6982a1d854e7c353faf79dfc70de3ac45eda96c5916acfc","0xd1284cfb72ed44071564494fcb565149018531a42d45148063a27a939f4054a9","0x6c49ef748dc2f8d59dac2a994a0c213b7d718bebdb9053fa6df68b44f7d84a36","0x18b3cdfdc0b309d176226c16ddd562390db01151fa4c754a9a6fa318d0db27ef","0xa7060455a3f1e5816d670caec31a908587ce6d4bdad44b209100b5d56d316471","0xd5fa2c7feed23038effb80a9df0c414a83171db612d54f27ed0808c3569dc694","0x4dbc433302be54ab1dd089b7d471d1329dd6ccbd38173360bc39d551f1d4818b","0x277a1999922a658af364c55ffd13752ab967b273724279af7d73991d0847ba59"]
["0x49cbe25ed65118ccb4a5450248e68464f6ba2b3df0891e2253032c4ddaedec9d","0x90eebbb6d56b3402e5a9b9ff64470db1327818c0803797cf33c45c716f6a2ca1","0x9d4e18f498dbc658b6982a1d854e7c353faf79dfc70de3ac45eda96c5916acfc","0xd1284cfb72ed44071564494fcb565149018531a42d45148063a27a939f4054a9","0x6c49ef748dc2f8d59dac2a994a0c213b7d718bebdb9053fa6df68b44f7d84a36","0x18b3cdfdc0b309d176226c16ddd562390db01151fa4c754a9a6fa318d0db27ef","0xa7060455a3f1e5816d670caec31a908587ce6d4bdad44b209100b5d56d316471","0xd5fa2c7feed23038effb80a9df0c414a83171db612d54f27ed0808c3569dc694","0x4dbc433302be54ab1dd089b7d471d1329dd6ccbd38173360bc39d551f1d4818b","0x277a1999922a658af364c55ffd13752ab967b273724279af7d73991d0847ba59"]
["0x3c4f84d737ed35ed6508d2e704cd5a129a12e37b93bb57e43093fb84987b89ee","0x23ddb7f78fd0c728fbb2b06852efdcb58b34f0af35f0b075b0ff85fbe99f8ba1","0x36f9a3c5f7ba047ffcf6acc15d936a03b32be8893b3d15ecfb1e39e5e77e846d","0x584fbfe30c48ab2eb8555f0646cfedd80ccdaf54f09b37f11cacc0a37fa09200","0x18b3cdfdc0b309d176226c16ddd562390db01151fa4c754a9a6fa318d0db27ef","0xa7060455a3f1e5816d670caec31a908587ce6d4bdad44b209100b5d56d316471","0xd5fa2c7feed23038effb80a9df0c414a83171db612d54f27ed0808c3569dc694","0x4dbc433302be54ab1dd089b7d471d1329dd6ccbd38173360bc39d551f1d4818b","0x277a1999922a658af364c55ffd13752ab967b273724279af7d73991d0847ba59"]
["0xa707222e1fae2a2fab6cfef98b87fb3d94b10c1625dd6199ccec05e92bf324f4","0x23ddb7f78fd0c728fbb2b06852efdcb58b34f0af35f0b075b0ff85fbe99f8ba1","0x36f9a3c5f7ba047ffcf6acc15d936a03b32be8893b3d15ecfb1e39e5e77e846d","0x584fbfe30c48ab2eb8555f0646cfedd80ccdaf54f09b37f11cacc0a37fa09200","0x18b3cdfdc0b309d176226c16ddd562390db01151fa4c754a9a6fa318d0db27ef","0xa7060455a3f1e5816d670caec31a908587ce6d4bdad44b209100b5d56d316471","0xd5fa2c7feed23038effb80a9df0c414a83171db612d54f27ed0808c3569dc694","0x4dbc433302be54ab1dd089b7d471d1329dd6ccbd38173360bc39d551f1d4818b","0x277a1999922a658af364c55ffd13752ab967b273724279af7d73991d0847ba59"]
["0x1feb75b5a15df1a935b8eb998854294e65cb933d5e9b58ccd9b9dd318329acae","0xd712d8ee68c8580c150fa0a2b0bdb0d5c12dedc83cb41c2c8d21816605ec6af9","0x36f9a3c5f7ba047ffcf6acc15d936a03b32be8893b3d15ecfb1e39e5e77e846d","0x584fbfe30c48ab2eb8555f0646cfedd80ccdaf54f09b37f11cacc0a37fa09200","0x18b3cdfdc0b309d176226c16ddd562390db01151fa4c754a9a6fa318d0db27ef","0xa7060455a3f1e5816d670caec31a908587ce6d4bdad44b209100b5d56d316471","0xd5fa2c7feed23038effb80a9df0c414a83171db612d54f27ed0808c3569dc694","0x4dbc433302be54ab1dd089b7d471d1329dd6ccbd38173360bc39d551f1d4818b","0x277a1999922a658af364c55ffd13752ab967b273724279af7d73991d0847ba59"]
["0xafc0e555d12465c78e061fc2e6eac8b153fa84348120a65d45a5dcfaf9ef673f","0xd712d8ee68c8580c150fa0a2b0bdb0d5c12dedc83cb41c2c8d21816605ec6af9","0x36f9a3c5f7ba047ffcf6acc15d936a03b32be8893b3d15ecfb1e39e5e77e846d","0x584fbfe30c48ab2eb8555f0646cfedd80ccdaf54f09b37f11cacc0a37fa09200","0x18b3cdfdc0b309d176226c16ddd562390db01151fa4c754a9a6fa318d0db27ef","0xa7060455a3f1e5816d670caec31a908587ce6d4bdad44b209100b5d56d316471","0xd5fa2c7feed23038effb80a9df0c414a83171db612d54f27ed0808c3569dc694","0x4dbc433302be54ab1dd089b7d471d1329dd6ccbd38173360bc39d551f1d4818b","0x277a1999922a658af364c55ffd13752ab967b273724279af7d73991d0847ba59"]
["0xc3a730d4d63f01ddf556fe2289085a05598ad8c0db77cd8a3af0ac92536e09f7","0x9b6a2768ab5b5fa095bfa39d4681385ee082e290f32dfd55c99b5d5b4d144e21","0x5d76c7e36b7ef545de4cf9220e3ca000ed0a0a0d6b59bf524ed8e126bf867238","0x584fbfe30c48ab2eb8555f0646cfedd80ccdaf54f09b37f11cacc0a37fa09200","0x18b3cdfdc0b309d176226c16ddd562390db01151fa4c754a9a6fa318d0db27ef","0xa7060455a3f1e5816d670caec31a908587ce6d4bdad44b209100b5d56d316471","0xd5fa2c7feed23038effb80a9df0c414a83171db612d54f27ed0808c3569dc694","0x4dbc433302be54ab1dd089b7d471d1329dd6ccbd38173360bc39d551f1d4818b","0x277a1999922a658af364c55ffd13752ab967b273724279af7d73991d0847ba59"]
["0xf73d00f7160894eef98eb76f85ac93636400a79cdf71b2ccabb2329f51a95694","0x9b6a2768ab5b5fa095bfa39d4681385ee082e290f32dfd55c99b5d5b4d144e21","0x5d76c7e36b7ef545de4cf9220e3ca000ed0a0a0d6b59bf524ed8e126bf867238","0x584fbfe30c48ab2eb8555f0646cfedd80ccdaf54f09b37f11cacc0a37fa09200","0x18b3cdfdc0b309d176226c16ddd562390db01151fa4c754a9a6fa318d0db27ef","0xa7060455a3f1e5816d670caec31a908587ce6d4bdad44b209100b5d56d316471","0xd5fa2c7feed23038effb80a9df0c414a83171db612d54f27ed0808c3569dc694","0x4dbc433302be54ab1dd089b7d471d1329dd6ccbd38173360bc39d551f1d4818b","0x277a1999922a658af364c55ffd13752ab967b273724279af7d73991d0847ba59"]
["0xf90d061cbb74f83c042a27306a55dd582386104c55ba6ab8d71825b94542bcc7","0xbd3b8a88650f9f518313b97373f97c8ace5fe2ddccfd4cc384ce0cd3b56e8cc2","0x5d76c7e36b7ef545de4cf9220e3ca000ed0a0a0d6b59bf524ed8e126bf867238","0x584fbfe30c48ab2eb8555f0646cfedd80ccdaf54f09b37f11cacc0a37fa09200","0x18b3cdfdc0b309d176226c16ddd562390db01151fa4c754a9a6fa318d0db27ef","0xa7060455a3f1e5816d670caec31a908587ce6d4bdad44b209100b5d56d316471","0xd5fa2c7feed23038effb80a9df0c414a83171db612d54f27ed0808c3569dc694","0x4dbc433302be54ab1dd089b7d471d1329dd6ccbd38173360bc39d551f1d4818b","0x277a1999922a658af364c55ffd13752ab967b273724279af7d73991d0847ba59"]
["0x0f6288b713bdd4f597d081a20cdc2e5b4c6b817741224ffad18d179c819a6e97","0xbd3b8a88650f9f518313b97373f97c8ace5fe2ddccfd4cc384ce0cd3b56e8cc2","0x5d76c7e36b7ef545de4cf9220e3ca000ed0a0a0d6b59bf524ed8e126bf867238","0x584fbfe30c48ab2eb8555f0646cfedd80ccdaf54f09b37f11cacc0a37fa09200","0x18b3cdfdc0b309d176226c16ddd562390db01151fa4c754a9a6fa318d0db27ef","0xa7060455a3f1e5816d670caec31a908587ce6d4bdad44b209100b5d56d316471","0xd5fa2c7feed23038effb80a9df0c414a83171db612d54f27ed0808c3569dc694","0x4dbc433302be54ab1dd089b7d471d1329dd6ccbd38173360bc39d551f1d4818b","0x277a1999922a658af364c55ffd13752ab967b273724279af7d73991d0847ba59"]
